epoch,phase,train_loss,train_acc,test_acc,test_f1
1,1,4.7675380591747984,0.3983715319662244,0.10045248868778281,0.09633151169389577
2,1,2.2722458531686853,0.5877563329312424,0.37963800904977374,0.26033014137192706
3,1,2.009952036836898,0.6242460796139928,0.3420814479638009,0.24007518627778654
4,1,1.941516457765899,0.6447527141133896,0.40090497737556563,0.30473535912765926
5,2,1.2269248641011798,0.7221049457177322,0.5334841628959276,0.3960333828136156
6,2,0.5932956734813741,0.7839264173703256,0.7149321266968326,0.453053051439035
7,2,0.4700425184894672,0.8238841978287093,0.7303167420814479,0.49391243069598606
8,2,0.36437344694885326,0.8428829915560917,0.7823529411764706,0.47358375732433683
9,2,0.3197661781699292,0.86354041013269,0.7520361990950226,0.466216547012486
10,2,0.2851094644071829,0.8854041013268998,0.8067873303167421,0.4873886247346672
11,2,0.2740893214401779,0.8737937273823885,0.7986425339366516,0.49733317039679203
12,2,0.20793415893619685,0.882086851628468,0.8045248868778281,0.49601737312798955
